,sentence,spc,spc_s,mlt,sp_spc,label
0,"""Just walked in to #Starbucks and asked for a """"tall blonde"""" Hahahaha #irony""",1,0,1,0,0
1,So much at work mate 10/10 #boring 100% #dead mate full on #shit absolutely #sleeping mate can't handle the #sarcasm,0,0,0,0,0
2,"""People complain about my backround pic and all I feel is like """"hey don't blame me, Albert E might have spoken those words"""" #sarcasm #life""",0,0,0,0,0
3,"""People who tell people with anxiety to """"just stop worrying about it"""" are my favorite kind of people #not #educateyourself""",0,0,1,0,0
4,I love context and large ensemble Fridays!!!!! Der my most favourite #Sarcasm #GetTheFuckOut,1,0,1,0,0
5,@CorporalFrisk Guess they didn't get the memo reg non-nuclear Baltic sea #sarcasm,0,0,0,0,0
6,Exam na jud. Merry christmas. ||#Sarcasm|#KillUsSlowly,1,0,1,0,0
7,The definition of #IRONY would be if a 77-year-old rapper went #viral and took #BITCOIN mainstream. Maybe only way #babyboomers will buy in.,0,0,1,0,0
8,Pretty excited about how you gave up on me. File Under: #sarcasm,1,0,1,0,0
9,Who told the #hipsters that #irony was a thing of the Clinton years? Do they not carry history books in used bookstores in #brooklyn ?,0,0,0,0,0
10,@LukeLPearson hmm... let me think about that #sarcasm,0,0,1,0,0
11,"If you wanna look like a badass, have drama on social media #not",0,0,0,0,0
12,How dare Charles Barkley have an intelligent conversation about race. #sarcasm #CharlesBarkley,0,0,0,0,0
13,"Being a hipster now is so mainstream. Oh, the irony. #hipster #irony",0,0,1,0,0
14,Well got the truck buried today perfect way to start a rainy Wednesday work day off #not #annoyed #pissed,0,0,0,0,0
15,"On the train and surrounded by posh people, I'm so at home! #not #stickoutlikeasorethumb",1,0,1,0,0
16,Stupid #doctors visits is gonna bury me!! Now that's #irony,0,0,0,0,0
17,"Love the way @virginmedia says fault from last night will be fixed by 4pm, only to see a man in a van pull up at 4pm to fix the fault #irony",1,0,1,0,0
18,Planning a vacation instead of studying.... My priorities are in line. #NOT,0,0,1,0,0
19,You decide to go on vacation without me sleep? Reaaaal nice. #considerate #not üòíüí§,0,0,1,0,0
20,Can't wait to have an afternoon schedule because of you. It's gonna be so much fun #not,1,0,1,0,0
21,@siddharth_0703 180 dead on 26/11 n more than 10k our ppl killed in terror attacks till date but not 1 paki show sympathy 2 them #irony,0,0,0,0,0
22,Rangers league game with Alloa moved because of the Petrofac Cup final in April... #irony,0,0,0,0,0
23,Been at the ER now since 10... #yay #not,0,0,1,0,0
24,"30 years on, people still haven't got justice they deserve. #BhopalGasTragedy Yet another brilliant job done by the Americans #sarcasm",0,0,0,0,0
25,Loooovvveeeeeee when my phone gets wiped -.- #not,0,0,1,0,0
26,Painting all cops with a broad brush because of the actions of a few is the same logic racists use. #Irony,0,0,0,0,0
27,Don't know if I can handle this crazy 11-2 shift. It's so long I might pass out on the job! #sarcasm,0,0,0,0,0
28,I just love being ignoredüòä|#notüòí,0,0,1,0,0
29,"#Irony RT @West1Jess: If you're going to give someone a scathing, 1-Star review for poor grammar, FFS use proper grammar.",0,0,0,0,0
30,Produce Mobile Apps #not http://t.co/3OV57ZhqcH http://t.co/wX1DbI8W9M,1,0,1,1,0
31,Decide that you want it more than you are afraid of it. -Bill Cosby|#irony,1,1,1,0,0
32,itsfunny bc people think im quiet|but im just listening toeveryones convos|and figuring out ur weaknesses|todestroy u later in life #sarcasm,0,0,1,0,0
33,I reckon straight women fancy victoria secret models more than straight men do #victoriasecret #irony,1,0,1,0,0
34,@GlobalGrind Niagra Falls tho... Really? #irony #LOL,1,0,1,0,0
35,"If we win against Poland and Scotland, does that put us 65th in the world rankings. @YouBoysInGreen @FAIreland #Sarcasm",1,0,1,0,0
36,"Since the tribunal was established 14 years ago, no complaint against the intelligence services has ever been upheld. #trustthesystem #not",0,0,0,0,0
37,@LadySandersfarm: Garner protesters chant 'F*ck Fox News' despite Fox agreeing with them http://t.co/GWIS4hZAI6 #EricGarner #Irony,0,0,0,0,0
38,The #Irony of playing this song on my way to #work |#NoMoney #PartTimeCooks blackmossptc thanks for... http://t.co/n9b7T2Xj84,0,0,0,0,0
39,@RozieBreen @CllrKWakefield @tomriordan @GaryVerity @BBCLeedsif we get it right for business the trickle down fairy will do the rest #NOT,0,0,0,0,0
40,When you're in the doctors waiting room and hear a baby in the back screaming her lungs out is always a reassuring feeling #not,0,0,1,0,0
41,"Well now the festive season has begun, let's take a moment to reflect on how much more royalties Slade and Wizard will get #sarcasm",0,0,1,0,0
42,I just wrote a 13 page paper... I was awfully tired when I was writing it and now I can't sleep. #irony,0,0,1,0,0
43,There's no better way to start the week than to get your wisdom teeth taken out at 8 am!!! #not ‚ò∫üòäüò≥,1,0,1,0,0
44,The most exciting way to start a Friday: a presentation on structurally deficient bridges. #sarcasm #lobbyinglife,1,0,1,0,0
45,Incidentally the foreword for movie #BhopalAPrayerForRain is by Subroto Roy Sahara - saying - justice delayed is justice denied. #Irony,0,0,0,0,0
46,@RadiNabulsi Our 3 losses followed bye weeks & an FCS team. Do we get rid of those next year? #sarcasm,0,0,0,0,0
47,#Malala Yousufzai receives #NobelPeacePrize and #Pakistan ranks in top 10 dangerous countries !!! #irony,0,0,0,0,0
48,Testing water temperatures #excitingtimes #Not,1,0,1,0,0
49,Waking up with your cat attacking your hand is always delightful..... #not,0,0,1,0,0
50,I blame my mom. Mother of the Year #sarcasm,0,0,1,0,0
51,Pulling my books out to prepare to organize my new bookshelves caused me to forget to bring my book today. #irony,0,0,0,0,0
52,"The Bay Area storm is so big that tons of people's work was canceled today, causing me to be early to mine. #irony #stormageddon",0,0,0,0,0
53,Leaving whilst its dark is fun. #not,0,0,1,0,0
54,"@RealFrnkPhister Even though @PGA_JohnDaly's got more ex-wives than @PGATour majors, I'm happy for that washed-up mess... #Not!! #Blocked",0,0,0,0,0
55,"A 'republican move' which will 'effectively rob the royals'. Kate's spending 32k on1meal, who is being robbed? #irony http://t.co/OTbeWggbTJ",0,0,0,0,0
56,#obama @DemocratWire announce special urgent package for #Pakistan .. supported by @GOP to enhance their fight against obscurantists. #NOT,0,1,0,0,0
57,"how is it possible that somebody so interesting is also so, so, so boring? #irony #what",0,0,0,0,0
58,""".@ibnlive is the first to cut to ads during primetime to proudly announce that they're """"putting journalism first"""". #Irony #NLprimetime""",0,0,1,0,0
59,""".@ChrisBrett2 @/RBRNetwork1 @GaryBlackal @DiveConLFP I think it's your white skin. Or """"racist DNA"""". He's a geneticist too, did ya know? #not""",0,0,0,0,0
60,So there used to be a crossfit place here.... #irony #pizzawins http://t.co/9BDkxT9GFJ,1,0,1,0,0
61,Watching Alison Jackson's portfolio of work #eurobest2014 seems she's cracked it. Celebrity + stunt = #viral #sarcasm,0,0,1,0,0
62,Spending the majority of my day in and out of the doctor has been awesome. #sarcasm,1,0,1,0,0
63,@TheStarPhoenix #spnews #yxe I hope you weren't driving when you took that picture. #irony,0,0,1,0,0
64,"@Tesco Yeah thanks for messing me about and then not delivering on the product, i feel really great about how this went down!! #Not #Thanks",0,0,1,0,0
65,Christmas aloneüòä how nice #not,1,0,1,0,0
66,work Wednesday-Sunday .. #yay #not #moneytho üò©üò≠üí∞üòí,0,0,1,0,0
67,@LariatOfHestia: Gavy is one rude motherfucker. *Subtweets me* *Calls me a motherfucker* #Irony,0,0,0,0,0
68,"@DuaneBougard: Been friendzoned too many times in my life, the perks of being the good guy #Sarcasm #Lifeall my life this has happened",0,0,1,0,0
69,@manicsue: You want to see something Irish!!Of all the reasons to be closed üòÇüòÇüòÇ http://t.co/ePyGvA9pwU #irony,0,0,0,0,0
70,Yay for Fire Alarms at 3AM #not,1,0,1,0,0
71,"I just drank a healthy, homemade, all fruit smoothie...in a @Budweiser beer glass. #irony",1,1,1,1,0
72,Should I buy these? And become a full time hipster? Lol! #NOT..... http://t.co/bhSSX3lVNh,1,0,1,0,0
73,Just paid $2.59 for gas! #ThanksObama #sarcasm,0,0,1,0,0
74,I am so ready for Monday. üôÜ #sarcasm,1,0,1,0,0
75,@SurianibteAbu if it got the attention of the smartass to comment that.. Didnt it work anyway?? #irony,0,0,0,0,0
76,When you're sick and you feel bad for your cells cause they're fighting hard for you. #blessed #appreciative #sarcasm #kinda,1,0,1,0,0
77,@ambika1900 @sankrant @CChristineFair @JTMondal @Al_Muwa7id Christian Europe translated Islamic manuscripts #Irony http://t.co/0hXEQig7hM,0,0,1,0,0
78,Aaaaaand now I've found out that Chrome slows down downloads when the screen saver activates. Just makes me love it more #sarcasm,1,0,1,0,0
79,@Wallace17_daKid Way to lay out yesterday and put it all on the line #GoodLeader #Sarcasm,1,0,1,0,0
80,Amar Singh gives A+ rating to the Modi govt but Arun #Shourie says more is said than done in present govt #Irony #Politics,1,0,0,0,0
81,@ardhow @Jmroberts343Jmr @Squarehighways |Thats a twist|Algorithms to cause more congestion & increase pollution|Too bizarre to be true #not,0,0,0,0,0
82,I'm absolutely positive that Coaches love it when parents tell them how to coach and run their program. #sarcasm #NOT #sticktoparenting,1,0,1,0,0
83,@GaryLineker trust me it will be out of form Scandinavian reef again to. @ChampionsLeague do love @MCFC I seeüòíüôà #irony #FCBarcelona #mcfc,1,0,1,0,0
84,i literally love when someone throw me in at the deep end #irony #tough #life,1,0,1,0,0
85,Picked an excellent day to get my hair done üòí #sarcasm,0,0,1,0,0
86,Waking up with a pounding headache is just what I need for this final #sarcasm,0,0,1,0,0
87,I didn't realize Boston Coach also operated in Chicago #irony #brands,1,0,1,0,0
88,Someone needs to stop me before I kill someone üò° love waking up in the worst fcking mood #Not,0,0,0,0,0
89,What to do with that old #motherboard you have laying around. #NOT http://t.co/RjtcaMq9Gz #guitarpicks,0,0,0,0,0
90,@dsobek No ... now someone will start a rumor of $ABBV pricing their HCV drug same or higher than $GILD #sarcasm,0,0,0,0,0
91,"@Esmerodo @MonteMcNaughton @MacLeodLisa Yes, and conventional taxis drive verrrry safely. #pfft #sarcasm",1,0,1,0,0
92,"Just ranted on and the moment I'm about to hit send, my ipod just died. #greatmorning #NOT",0,0,1,0,0
93,i just enjoy throwing up #not #hatethis #sick #wanna #go #to #school #for #once #take #me #away,0,0,0,0,0
94,@GazzaDowns I actually think he needs to use the youngsters in this reincarnation #irony,1,0,1,0,0
95,What a golden morning. üòí #not,0,0,1,0,0
96,Everyone wants the truth but nobody wants to be honest... #irony,0,0,0,0,0
97,"@MiddleChildSyn: You think my mom and I would get along better, she's a middle child too. #irony #middlechildsyndrome",0,0,0,0,0
98,"Isn't this blaming the victim? #sarcasm RT @chronicle Every year, 600K college students are injured while drunk. http://t.co/guuGP49ZZD",0,0,0,0,0
99,that time when ward was mad because skye hide a secret from him #irony #skyeward #AgentsofSHIELD http://t.co/znfxzbUYVu,0,0,0,0,0
100,"While we applauded ourselves on getting to the Moon, Carl Sagan spoke a truth we all denied.|#irony http://t.co/AY20dRme0L",1,1,0,0,0
101,Being a light sleeper is the best. #not,1,0,1,0,0
102,@NPCole23 hahaha yeah I think so too cause you know how she loves her with all her heart üòÇüòÇüòÇ.... #NOT üî´.,1,0,0,0,0
103,"@Salon dualistic, as in good and evil? Right, because that doesn't apply to the real world.... #sarcasm #OrcsLive",0,0,0,0,0
104,"""#Consensus of Absolute Hilarious #Irony ‚Äì #MichaelMann to lecture on #Professional #Ethics for #Climate #Scientists? http://t.co/pD0TEMq1Z0""""""",0,0,1,0,0
105,I may or may not have put @robertashton1 at the top of @swarm_tweets tree soon as he likes Christmas time... #Sarcasm http://t.co/OMOURvLfzt,1,0,1,0,0
106,Sunday is such a fun day to study #not #ew #saywhat,0,0,1,0,0
107,Reunited with my pump this morning. #yay #not üò£,1,0,1,0,0
108,"My dad's still gonna get me santa's gifts since it's my last year before 18, but I really don't know what to ask for... #irony",0,0,0,0,0
109,Remember that one time I worked both jobs while sick and it didnt suck at all... #sarcasm #notworthit,0,0,0,0,0
110,It is good that very few businesses/govts in EM economies have borrowed much via dollar-denominated loans from international banks. #Sarcasm,1,0,1,0,0
111,What a great way to start the day!! #Not üò†,0,0,1,0,0
112,@Atlantasportguy @darrenrovell @DJFJennings Just wait till Cleveland comes again! #sarcasm,0,0,1,0,0
113,"'Liberated' Iraq -- 2014 One of Bloodiest Years with More than 36,000 Victims: http://t.co/GCW05uriIT Thank you, Western liberators #sarcasm",0,0,1,0,0
114,No one up? Okay cool #not,0,0,1,0,0
115,"Here we go again, thanks to all that claim to cover WVHS hoop #NOT|Highlanders beat Parkersburg 76-75 on last second shot by @alexia_paige13",1,1,0,1,0
116,Just loveeee driving upstate in the snow #not,1,0,1,0,0
117,I love getting up at 4 30 so I can wait on other ppl! #sarcasm,0,0,1,0,0
118,and as much as I want to connect .. I like only the people who dont want to .. #Irony #Why oh why?,0,0,0,0,0
119,@ozchrisrock hold on a minute. Are you saying All blonde white women look the same?? #sarcasm,0,0,0,0,0
120,@ChristianCaple Gotta love those racially based awards! #not,1,0,1,0,0
121,clashupdate #not http://t.co/1bFOsIwnI5,0,0,1,0,0
122,That's always the solution..... #not. Doesn't fix anything!,0,0,0,0,0
123,"""@SteveMcKrosky @imbalaska @DaveMyFace @Clover_Joy_ @den2114 @MeyrickHarris """"left regressives"""" is that not a label #irony""",0,0,0,0,0
124,A #celebrity is a person who is known for his well-knownness. #fact #TeamFollowBack #irony,1,0,1,0,0
125,Is there a basketball game on today? I'm not really sure. #ESPN seems to not be promoting anything about it. #sarcasm,0,0,0,0,0
126,I am so glad that I woke up early for this office visit to have to the mother not show up! #not,1,0,1,0,0
127,"I actually just started crying while brushing my teeth due to lack of sleep, stress and test anxiety. Today's gonna be a good one... #not",0,0,1,0,0
128,Don't you just love those people who won't shut up in class then hold everyone back by asking the teacher to repeat answers? #sarcasm,0,0,1,0,0
129,"@KAFosterSowell Oh, BELIEVE me. I agree totally. My tweet was pure #sarcasm. We need MORE #guns, not less. Santa is bringing me one. #2A",1,0,1,0,0
130,Also it is funny how things at work get done when I'm on my off week #sarcasm,0,0,1,0,0
131,When I'm lacking inspiration I resort to scribbling angry/pretty things. Great start to the week! #sarcasm http://t.co/5QUSrZYBqA,0,0,1,0,0
132,I guess waking up every couple hours is cool |#not,0,0,1,0,0
133,"@Boeing, @SpaceX told to stop work under crew contracts #irony http://t.co/1Hyb70IATA",0,0,0,0,0
134,Look good feel good! #not #TeamNoSleep #cantopeneyes,1,0,1,0,0
135,"@PoliticalAnt @emthedivine @mark3labs @elyse4design @chixenman @Morning_Joe yet in Ferguson, MO the mayor and Gov are Dems. #irony",0,0,0,0,0
136,Abnormal professor walks in with the finals in a Zoloft bag #irony #psychhumor,0,0,1,0,0
137,@grimmers skiing in Regents Park much #not,0,0,1,0,0
138,Sub is making class go by so slow that I feel like I am losing brain cells. #irony #substitute #MoveitAlong,0,0,0,0,0
139,@HayekandHockey Yeah someone with Hayek and hockey in their name calling someone racist #irony @Txrebel05,0,0,0,0,0
140,I love it when people ignore me. #sarcasm,0,0,1,0,0
141,What a great Christmas. üòÖ #not,0,0,1,0,0
142,The song was 'don't cry for me Argentina' #irony,0,0,1,0,0
143,Happy Birthday to me! #imgettinold #not #ionlygetbetter ROLL TIDE! http://t.co/v8tWnYJJPB,1,0,1,1,0
144,@Metri_HennyKing u bragged all yr about having Peyton in 2 leagues only to get beat in the 1st round in both #irony üòÇüòÇüòÇüòÇ,0,0,1,0,0
145,Jeez I wish the government paid for my food. #not #EBTbitches,0,0,0,0,0
146,Pretty Shitty day I'm gonna be soaked and full of mud and clay #iliketogetdirty #notreally #sarcasm,0,0,0,0,0
147,That moment when the ad plays flawlessly but the video keeps buffering #irony #YouTube @YouTube,0,0,1,0,0
148,Gotta love a Romanian playing an improvised version of jingle bells in a minor key. Really sets the festive mood. #not,1,0,1,0,0
149,Perfect time to get sick üò¢ #not,0,0,1,0,0
150,My son gave me a cold......again!!! Yay! #sarcasm #NotExcitedAboutThisShitAtAll,0,0,1,0,0
151,"""@zainabimam """"Malala is fake and planted by the US coz Pakistan is perfectly safe for kids going to school"""" #PeshawarAttack #Sarcasm""",0,0,0,0,0
152,Yay jury duty üòí #sarcasm,0,0,1,0,0
153,A burned tongue is a lovely way to start the day #sarcasm #ouch,0,0,1,0,0
154,Literally functioning on 4 hours of sleep and I feel great üòÑ !! #Not #CollegeisKillingMe #OneMoreWeek,1,0,1,1,0
155,The #irony is anti state ppl will claim the little man (hacker) won when in reality the state won #sony,0,0,0,0,0
156,#HowToGetUnfollowed Post pictures or videos of you smoking. Especially blowing smoke at the camera. #SoCool #Not #GTFO,0,0,0,0,0
157,So ill. It actually hurts to breathe. Still that nice long walk to the station did me the world of good #not,0,0,1,0,0
158,@DarlaMiles7 then later he snuggles up to The Royals with giddy glee #Irony,1,1,1,1,0
159,"Blue skies, warm air, and the royal accommodation! #WhatMoreDoesOneNeed #Education? #Not... http://t.co/mEtHUIaAtR http://t.co/CsW0rfhGZZ",1,1,1,1,0
160,it's International Human Rights Day #irony,1,0,1,0,0
161,So Jeremy Irons and Alan Rickman are BOTH in Marrakech just one week before I'm going there #everythingisfine #not #sonot,1,0,0,0,0
162,@houselanguage Thanks for pirating my music! :D #not,0,0,1,0,0
163,I like the feeling when people thinks they're 2 steps ahead of me... But the truth is they're miles and miles behind me AHAHAHAHA |#sarcasm,1,0,1,0,0
164,"""BM """"gives me"""" from 3 pm to 8 pm with my son today, that's fair huh? #NOT!""",0,0,0,0,0
165,@Mr_laddu and if Marathi man speak hindi to Chu*** samajhte hai #irony,0,0,0,0,0
166,Lesson learnt? Herd of sheep who fought over TVs on #BlackFriday struggling to sell them http://t.co/OMXl5ZPOdY #irony #capitalism,0,0,0,0,0
167,Tomorrow three test signature.|Thank you. |#school #sarcasm,0,0,1,0,0
168,"So #GuardiansOfPeace win by threatening to destroy the #peace!!!, what a #irony",0,0,0,0,0
169,Yay yet another week with a child home from school ill! Just a hint of #Sarcasm to brighten my day.,0,0,1,0,0
170,Gotta love being lied to.... #not,0,0,1,0,0
171,"We were miles apart,but you found me, now we are close enough, still apart #irony",1,0,0,0,0
172,"""American Red Cross van """"together we can save lives..."""" And the driver is smoking. #irony""",0,0,0,0,0
173,#birthcontrol #lol #wtf #whatisbirthcontrol @planb great commercial #sarcasm,0,0,1,0,0
174,Oh how I love working in Baltimore #not,1,0,1,0,0
175,So I'm the school nurse today. And I have a fever. #irony,0,0,0,0,0
176,"Thanks for the dick pic, really, thanks. #Sarcasm",0,0,1,0,0
177,Really loves dentist appointments. #sarcasm,1,0,1,0,0
178,I'm shocked that Mark May doesn't think the Buckeyes should be in the playoff!!! #Sarcasm,0,0,1,0,0
179,"Google scholarship application kept crashing in Chrome. Opened it in IE, finished application without incident. #irony",0,0,0,0,0
180,Set my alarm for PM not AM...guess you could say I've got my life together #not sorry @PE_Tweetcher #Pearlburg mom and Jesus,1,0,1,1,0
181,"Gun nut yells at cops conducting DUI checkpoint, later hit by drunk driver on way home #irony #karma http://t.co/3EAMnVETe1",0,0,0,0,0
182,"Have you ever seen the like?? 'Republican move' that will 'effectively rob the royal family', Kate's 32k meal #irony http://t.co/BiGb5u44Eh",0,0,0,0,0
183,It's snowing in Chicago #whitechristmas #not,0,0,1,0,0
184,Oh I just love when I wake up with a migraine üòí #not #needmeds,0,0,1,0,0
185,Its a shame on an off day that the NFL doesnt have any interesting stories and isnt getting any attention. NOT #sarcasm,0,0,0,0,0
186,Cook and England rudderless at the death. Seven games and we've got progressively worse! Can't wait 'till they arrive here for WC #sarcasm,0,0,0,0,0
187,"""Is there a """"like"""" tab on me? I'm not a facebook status to be liked by people... #sarcasm #RudeButTrue""",0,0,0,0,0
188,08:01am on the dot and the buzzer rings #helloworld #not #sleepy #tired #nothanks,0,0,0,0,0
189,"Found my motivation... Aka the back of my eye lids, by accident. Boy, me and @Kels_efollin are some winners. #not #senioritisisreal #losers",1,0,1,0,0
190,@ramzaruglia @gamergater7685 Ah the 2014 #GamerGate Ebola campaign. How many people did we kill? #sarcasm,0,0,0,0,0
191,"""Where is the promise of """"peace on earth"""" in this? """"Lord, Thy Kingdom come, Thy will be done."""" http://t.co/sSYoNx0IAo #Advent #terror #irony""",0,0,0,0,0
192,Gael 'pro at presentations' Anderson #not #choke,1,0,0,0,0
193,Nothing says nature like the relentless sound of AM commuter traffic #fthunter #AMdogfun #not@allpeaceful,0,0,1,0,0
194,Loving how dominant the SEC is #Pause ..... #Not,1,0,1,0,0
195,Best Christmas Eve news: I have a half sister. üòÇüëç #sarcasm #thanksdad,1,0,1,1,0
196,Throwing up is exactly what I want to be doing at 7:30am... üò∑üò∑üò∑ #not,0,0,1,0,0
197,Well this is great.. #sarcasm|Illinois Passes Bill That Makes It Illegal To Record The Police http://t.co/FZaY2AVx9t,0,0,0,0,0
198,so glad I came to work at 7:30am for all the customers that are here!!!!!! #not #itsdead,1,0,1,0,0
199,Full on man flu just in time for a weekend of work!! #awesome #sarcasm #coldandflu,0,0,1,0,0
200,"@JeffDauler @Scottydons87 the cop also had prior misconduct charges. But, ya know, that's ok #sarcasm",0,0,0,0,0
201,"""Zuma reads the quote """"People are not fighting for ideas, they fight for material benefits. To live in peace."""" #Irony #YCLNationalCongress""",0,0,0,0,0
202,Because a field trip two days before finals is exactly what I need #not,0,0,1,0,0
203,I wonder what triggered the anxiety? #sarcasm,0,0,1,0,0
204,Love waking up to no heat in my apartment #not #socold,1,0,1,0,0
205,Nice weather for today.. #not üò†,0,0,1,0,0
206,"""Decided I'd go to bed """"early"""" for once. I've been laying here since 2 am. Yet the total amount of sleep I've had all week is 10 hrs. #irony""",0,0,1,0,0
207,@BarryBlackNE I don't think the Hereditary Baronet wants to encourage a something-for-nothing culture :-$ #irony,0,0,0,0,0
208,Wash hands with water? MOH is rubbing this on everyone's face? #irony http://t.co/sPgfZZIqLO,0,0,0,0,0
209,Decemberbessen #not #fail #footprint sorry.... http://t.co/wsoYa1Wu1J,0,0,0,0,0
210,Not everyone's really for you no matter how long you knew them . And not everyone's a bad person just because it's been a short time. #irony,0,0,0,0,0
211,"Scoped out a new route on today's 5k. But oh.. the crowds, the traffic, the noise üòÑ #not... http://t.co/yYGdZiRwfZ",1,0,1,0,0
212,I bet Joel Embiid is psyched to come back from his injury to play for the worst team in NBA history. #Sarcasm,0,0,1,0,0
213,final labs coursework submitted!! now to treat myself by catching up with the whole semester's lectures #winning #not,1,1,1,1,0
214,@PRoseish_2 @mcspocky more people are in prison because of drug related crimes. But you know gun crime is up #sarcasm,0,0,0,0,0
215,Today is going to be a great day . #not. üòî,0,0,1,0,0
216,@MTNza so apparently twitter is free... so why is my data being depleted using twitter? #not impressed,0,0,0,0,0
217,Taking a hour to shit is always a good thing. #not,0,0,1,0,0
218,"My entire career has been devoted to being a BOSS in beating corruption, but I get beat in a corrupt election #Irony #SoCloseTilden #1Vote",0,0,0,0,0
219,Yay I just love this time of the month...! #Sarcasm,1,0,1,0,0
220,"Someone took my lucky hat today, yay, isn't that fun... #sarcasm #IhopeIGetItBack",0,0,1,0,0
221,"@ProgressMich kids don't need schools! Schools just turn them into gay atheists, gaytheists, if you will. #sarcasm",0,0,0,0,0
222,Did you know iOS 8 features custom keyboards? #sarcasm http://t.co/JhuwHjleiu,0,0,1,0,0
223,@kiersttt22 yeah I do. But you know there's this thing called an all nighter and apparently I wanna pull one #not,0,0,0,0,0
224,Just a @ScienceDaily article re: a robot arm you can control with your mind. Meh. Nothing huge. #sarcasm #science http://t.co/AK4bAorhBc,0,0,1,0,0
225,@TSTG11 @Shweta_97 @AparnaRam_ same here. Tryin to link d convos bt another tweet cums up. #Sarcasm is the only wrd repeated.üòÇüòÇüòÇüòÇüòÇ,1,0,1,0,0
226,Shitty drivers are always fun. #not,0,0,1,0,0
227,@RanjeniM Just realised we missed it too. In the middle of a tech troubleshooting mission to get an article on Madiba up on the site. #irony,0,0,0,0,0
228,Anybody using their rights to protest legally gets the law thrown at them. & the ones who do the crimes don't. That's #Irony #NotJustice,0,0,0,0,0
229,"~I'm not closed-minded, I'm just dogmatic~ #sarcasm #contradictions",0,0,1,0,0
230,A Puppet at the #PTI rally wanting to make #NayaPakistan #irony http://t.co/3kAny6qhKr,0,0,0,0,0
231,Fighting over chargers is definitely how I wanted to start my day.üòí #not,0,0,1,0,0
232,"""My coach is so supportive. """"tighten your belt, pick up the weight and just do it."""" #sarcasm #ithinkhehatesmesomedays #itsmostlylove""",1,0,1,0,0
233,Cause I love going to bed alone every night.. #not,0,0,1,0,0
234,Kid who tried stealing tools from me is now mad cuz someone took his hot sauce out of the fridge at work #Irony,0,0,0,0,0
235,EmoPostAhead lol the sucky thing about seeing beauty in everything? You see the beauty in a liar #BeautifulLiar #lovethwayyoulie #NOT,0,0,0,0,0
236,This team would finish fourth. #Irony #Arsenal #Afc,0,0,0,0,0
237,"Few #relations are by #chance, few are by #choice and few are by #Facebook!! #irony",0,0,0,0,0
238,what a lovely perma-fall we're having here in milwaukee. #not #doomandgloom #gimmesnow,1,0,1,0,0
239,Driving into town on very well cleaned country road I see a tow truck veer off too far to shoulder & get sucked into ditch. #Irony,0,0,0,0,0
240,You could say after today I'm officially necrophelic #LatinFinal #justajoke #not intodeadthings,1,0,0,0,0
241,"tried to export an azure vm, well that went ok #sarcasm #vmcorrupt #thankyoumicrosoft #startalloveragain",0,0,1,0,0
242,"I guess Paul didn't have buns, hon. #EatenAlive #not @Discovery",0,0,0,0,0
243,An 'important' call from the council about a form we did 3 months ago is just what I need an hour before we head off to Disneyland. #not,0,0,1,0,0
244,Laptop speakers are too quiet for music & simply too loud for porn üòí !#Irony,0,0,0,0,0
245,@AskPlayStation returning my brand new ps4 thanks to your faulty security. #goodjob #not,0,0,1,0,0
246,Most of us didn't focus in the #ADHD lecture. |.|#irony,0,0,1,0,0
247,@fbhw great story about the student trying to get the teacher fired!!#sarcasm#moron#storywasstupid,0,0,0,0,0
248,@charleswhite816 @DelbartonHockey I will let @bshatel know - I'm sure he is shaking/quaking in his boots. #not,0,0,0,0,0
249,@ParasiteCoD maybe you should grind the gym man #not #calling #you #fat,0,0,0,0,0
250,My favorite thing is waking up at 4 and driving 20 minutes in the snow just to see this bitch ass #Not #PaneraProTeam http://t.co/qebtDSVoRT,0,0,1,0,0
251,"""#Irony: """"The elections are not over zero VAT, but about whether there will be a Zionist or extremist country here"""". http://t.co/SxRoXLVspP""",0,0,0,0,0
252,K. Michelle said Lil Kim is Plastic but 65% of her body is fake and silicone. Kim went Plat on PayPal but K has never SEEN platinum. #Irony,0,0,0,0,0
253,I love it when people try to tell me that Oakland is so much easier than other schools üò° #not,0,0,1,0,0
254,@TrevorDickerson but hey we could just kill their kids in a drone strike cause that strategy seems to b working so well and #not,0,0,0,0,0
255,"Get on the work bus, driver turns his music on and the first song on is 'another day in paradise' #irony",1,0,1,0,0
256,"""Lots of people tweeting pictures from their cars of their snowy commutes to work, whilst saying """"stay safe"""" Oh, the #irony!""",0,0,1,0,0
257,@KaylaBattaglia thanks I thought it was tomorrow #not #iknow #notthepoint,0,0,0,0,0
258,She talkin bout gender roles and we're the narrow minded ones #Irony,0,0,0,0,0
259,Yay for cars having a case of the Mondays. #not,0,0,1,0,0
260,Just woken up after 16 hour night shift to no gas. Looks like microwave meal and cold shower for me today. Woo!|#sarcasm #fml,0,0,1,0,0
261,A well known sci communicator is exaggerating the claims of a study into PR exaggerating the claims of scientific studies... #irony,0,0,0,0,0
262,@mfouesneau It's so the speaker remembers their talk's over. Otherwise how would they know? #sarcasm,0,0,0,0,0
263,"Murdered baby, black man in US, kids in Thailand and a woman's body in Avon gorge. It's a jolly day for news today #sarcasm",0,0,0,0,0
264,@andygreencre8iv @_BARRYISLAND_ Pulled by White Van Man by the looks of it. Yuk .. so naff. That keeps the magic of xmas alive..#NOT,0,0,0,0,0
265,"I'm so sore, work tomorrow is gonna be fun.. #not",0,0,1,0,0
266,How can u miss something u never had?||#randomthoughts #miss #irony |http://t.co/G5jLy9IKqn,0,0,0,0,0
267,"""#Mahathir, one of the godfathers of Asian values, Malaysians are """"stupid"""", don't know how to run an airline #irony http://t.co/KzR6aAtrBo""",0,0,0,0,0
268,@WendyWilliams that's some bullshit that's a complete rip off for those items. And I bet some of u idiots really that's a good sale. #NOT,0,0,0,0,0
269,"I like to think of myself as a broken down Justin Bieber - my philosophy professor, everyone. #sarcasm",0,0,1,0,0
270,"20 years ago I arrived in CR, happy to leave behind all the malls and rampant materialism of the US. Went xmas shopping in PRG today #irony",1,1,1,0,0
271,@anamyid @i_contemplate_ @left_liberal effigies of jesus or allah..... when she herself hadnt kept any of d hindu gods #irony,0,0,0,0,0
272,I have three exams today lets gooooo! #School #Sarcasm #Swag,1,0,1,0,0
273,Welll helllo fever. Id say 103 is feelin real good today #not,0,0,1,0,0
274,Monday morning inspiration! #sarcasm #itstruetho #donttrustnobody #iwokeuplikethis... http://t.co/DQeFbx80v5,1,0,1,0,0
275,"""@Latinos4PP @CecileRichards @HHSLatino @CuidadoDeSalud @LULAC @EnrollAmerica #irony #oxymoron """"planned parenthood"""" nothing abt parenting""",0,0,0,0,0
276,Trying to eat crackers on the quiet floor likeee.. Maybe if I chew slower no one will notice..#not,0,0,1,0,0
277,"Woke up with my foot the size of a balloon, that's just what I needed.. #not #ouch",0,0,1,0,0
278,@coreybking thanks for the spoiler!!!! #not,0,0,1,0,0
279,Congress just screwed us but it's a great day in the District because we got another stadium! #sarcasm,0,0,1,0,0
280,Highly inflamed stomach is just what I like #not,0,0,1,0,0
281,almost 72 hs of a kid asking for his christmas gift and zero answers from @AskPlayStation thank you guys! you are awesome #not,0,0,1,0,0
282,Horray to working all weekend! üí∞üí∞üëçüòè,1,0,1,0,0
283,"I do hope you Anti #GamerGate'rs will sleep better, knowing that sabotaging charities would make you more respectable in society. #sarcasm",0,0,0,0,0
284,13 voice mails at work is always lovely,1,0,1,1,0
285,Sick on Christmas YAYYYY,1,0,1,0,0
286,Ah yes. Just what I wanted today- a pounding migraine. #Sarcasm,0,0,1,0,0
287,#Hazard worker training. 1st break there was 3 doz donuts and half class outside to smoke. #fail #nomealfitters #irony @MealFit @CrossFit,0,0,0,0,0
288,The thirstiest of thirst buckets calling other people thirsty üòí #irony,0,0,0,0,0
289,Love the fact that I turned off my alarm this morning and slept till so freaking late #not,1,0,1,0,0
290,"""@SusanCalman @ClaireofThorpe Yet no """"dog in the manger"""" that actually makes it a dog in a manger story #Irony""",0,0,0,0,0
291,#Irony http://t.co/yeIqA3NfS1 Reverend tells kids that Santa is not real why declaring a sky fairy is because a book says so. #LOL,0,0,0,0,0
292,"Laborers in the San Joaquin Valley, one of the most productive farming regions in the world, suffer from food insecurity. #irony #poverty",0,0,0,0,0
293,"I think my friend just sent @FrankieBallard a snapchat of me drinkin water, cuz she's fun like that #sarcasm #rehydratewhenyadehydrate #brat",0,0,0,0,0
294,Girls won't answer their phone when I'm calling them bc they think I'm calling them in early but I'm actually calling to cut them #irony,0,0,0,0,0
295,@GMA make sure you don't say Christmas!! The decorate for the holiday. #sarcasm #itisachristmastree,0,0,0,0,0
296,Re: prison book ban - Of course Grayling is also trying to ban Judicial Reviews #irony,0,0,0,0,0
297,Rolled out of bed for closing.... #ilookreallygood #not,1,0,1,0,0
298,Watching VT and Cincy - qb for VT with (GODS) down left arm (GIFT) down right arm. - #irony #howmanygods #punctuationmatters,1,0,1,0,0
299,"""you seem super smart MT """"@GrannyMarried: @Docjp @JoAnnEileen ||#NO #BLEEDING happening in #WaterBoarding = it's #Not #Torture""""""",1,0,0,0,0
300,Coin ! LeCoinCanard: Coin ! LeCoinCanard: Coin ! have a wank over this hashtag: Fazzanelli: JeffRoylat have a wank over this hashtag #Not...,0,0,0,0,0
301,@JoshuaSinghAIW that bump off the apron looked like it hurt.. was that padding u landed on? #sarcasm,0,0,0,0,0
302,It's okay @TicketmasterCA I didn't really want to see my idol anyway. #sarcasm,0,0,1,0,0
303,Hearing gun shots when I first wake up makes me feel like I'm in Compton. What a wonderful way to wake up. ‚ù§ #sarcasm #imscared,0,0,1,0,0
304,#TGIF oh just kidding I have 30 mins from one job to the next. love 12 hour days. #serverlife #sarcasm #nolife,1,0,1,0,0
305,Just got yelled at by proxy. It's going to be an excellent day. #sarcasm,0,0,1,0,0
306,Making the most out of my last vacation day. #not #tvandsleep,1,0,1,1,0
307,What a lovely day to drive #not #boo #fog #work üò≥üò≥üò≥ http://t.co/tjJkA1yhq6,1,0,1,0,0
308,So restaurants that thrive on the social nature of eating believe that mothers should only breastfeed in private? #irony,0,0,0,0,0
309,This long drive home later in the snow is gonna be shweeeet #not,0,0,0,0,0
310,"#Irony: al jazeera is pro Anti - #GamerGate because feminism, or something: https://t.co/ECxflDl3FD",0,0,0,0,0
311,@ninjalikescheez did your python tweeter send that?,0,0,0,0,0
312,@OpineJ There's no personal responsibility anymore. You can't expect anyone to think.,0,0,0,0,0
313,"""@adamclanton,@LanceZierlein,wait..your followup to Ferguson/stereotyping talk is audio about a kid who wants to do """"hood-rat"""" stuff?""",0,0,0,0,0
314,"Dad and step mom bitching at each other, now it's Christmas üòäüéÑüò§  #ugh",0,0,0,0,0
315,I love my customers #annoying#stoptalking,0,0,1,0,0
316,Am I surprised that my coworker is not going to show up today?  #Flurries,0,0,0,0,0
317,Lots if love for #Miranda,1,0,1,1,0
318, It's a comforting thought:every tax payer will b reminded of #OCARE being rammed in2 law when answering questions on 2014 tax forms,0,0,1,0,0
319,"Don't you just love when you say hi to someone in the hallway and they completely ignore you? Yeah, I love that too. üòíüëä",0,0,1,0,0
320,@kwelch31 Really?,0,0,1,0,0
321,.@doctoratlarge yeah. Tones are the most obvious things in tweets.,0,0,0,0,0
322,Girl put your records on. Tell me your favorite song.  #inasong #myfav,1,1,1,1,0
323,"""The  of #American #protesters calling for an end to #RacialProfiling while holding signs referencing """" #BlackPeople """" | #ICantBreathe""",0,0,0,0,0
324,"""@Anajbbyy yesss! What makes it worse is when they look gorgeous and say """"I just got my face beat!"""" Wtf?  #Contradiction""",0,0,0,0,0
325,@raeraeduke  your application is already filled up waiting for you to turn 21,1,0,1,1,0
326,The dude who told me money isn't everything is arguing with his son over money. In public.,0,0,0,0,0
327,"""Nice friendly drivers @Translink_NI """"never get on a bus with a ¬£20 note mate"""" what a way to make you feel welcome!""",1,0,1,0,0
328,Last semester I dropped a class because I had to write a 7pg paper. This semester I've had to write 5 of them,0,0,0,0,0
329,"Well, weekend is over!|Now it's #TwitterTime again :D|Have a nice monday!|",1,1,1,1,0
330,My favorite dreams are the ones where you wake up covered in tears.,1,0,1,0,0
331,"Math presentation, ap history test, ap science test, and whatever the hell we're doing in Asgill... Today should be fun!",1,0,1,1,0
332,@greenacre11 get ready for another one on Saturday,1,1,1,1,0
333,you're so sweet,1,0,1,1,0
334,Oh it's just Skrillex no big deal.. I see him on the daily..  #skrillex #rave #edm... http://t.co/qK50VjJkXq,1,1,1,1,0
335,Since when did train fare get so expensive?? Jesus! Might aswell of drove.... Shame I'm drinking,0,0,0,0,0
336,No response always seems to attract response. The ! #aintnobodygottimeforthat,0,0,0,0,0
337,I love being on hold. Especially when the music is so great.,1,0,1,1,0
338,Feeling like crap. And being treated horribly too. It's a great day.  #iwanttogohome,0,0,1,0,0
339,I love how I'm completely wide awake,1,0,1,0,0
340,Totally been killing it with my assignments lately  #socollege,1,0,1,0,0
341,Getting my midterm back was such a great start to my day  #badday,0,0,1,0,0
342,"Grandad is watching absolute shit on the telly. No seriously, It's on a channel I've never even heard of?! #FunChristmas !",0,0,1,0,0
343,Girls who can rock this thang~ #PrincipalSwag  http://t.co/5eCiip7D3j,1,0,1,1,0
344,@Olivian_Forever oh yeah!!! 2nd :D #HoldTheApplause hahaha lol  <33,1,1,1,1,0
345,aw i love it when my boss schedules me to work the day that a storm comes to the bay area!!!!!!!!!!!!!!!!!!! :'),1,0,1,1,0
346,@RMaybo another case of away the lads  or to put it in song tell me why we don't do north london !! #TyneWeirSunday,0,0,0,0,0
347,A chunk of my hair got stuck in the blow dryer and I had to cut it out... That's always fun..  üòë,0,0,1,0,0
348,Dentists oh the joy,1,0,1,0,0
349,@APMarkLong but it wasn't as bad as that picture seemed to indicate.  You're still a very horrible person.,0,0,0,0,0
350,I love it when adults act like children. || #eyeroll,1,0,1,0,0
351,"""She heard Him cry and His little fingers & toes were counted and Mary exclaimed """"He's PERFECT!""""  Oh Mary, you so cray cray.""",1,1,1,0,0
352,Well that's me living till I'm 200yrs old!!! #sarci   #wit #low #constant http://t.co/8NzMFso9Do,1,0,1,0,0
353,Hahahhaha that really made me jelouse,1,0,0,0,0
354,@TonyGrossi there is no way you could mean that. no track record whatsoever,0,0,0,0,0
355,My husband thinks I'm crazy because I taped my tape dispenser. Hehe. I'm handy like that. .... http://t.co/rhKEpQ7pWs,1,1,1,1,0
356,I'm seeing more and more people using the term #GamerGate and I can't believe I'm going to say this but they're using it incorrectly,0,0,0,0,0
357,"Time for the post Christmas car wash, yay!!!  #friesenfamilychristmas",1,0,1,1,0
358,Happy 2nd anniversary to me in SGV. Happy OT here in client. Woohoo. I loooooove my job. Super. More years to go!!!!!!!!!,1,1,1,1,0
359,".@JaniceDean, Michael Bloomberg will be wearing his speedo for the #GlobalWarming with his bodyguards.  @FoxNews",1,1,0,0,0
360,"""""""Everything You've Been Told About Copywriting is BS.""""  http://t.co/Pl9YimtKbg""",0,0,0,0,0
361,I love 14 hour shifts,1,0,1,0,0
362,"""And all I wanna do is blast music and get ready for my trip but my """"second"""" roommate is sleeping and I suffer from being considerate""",0,0,0,0,0
363,Why is ISIS an acronym for words in English?,0,0,0,0,0
364,"@tritternz he lost his license not long after, mwahaha  @PercolateNZ",0,0,0,0,0
365,Well it's always a good time losing at the Bay... @lylestor11 @Lampi626 @bubbs11214,1,0,1,0,0
366,"""HaHaHaHa!! #hypocrisy  """"MT @Independent: Katie Hopkins calls Russell Brand a bully..........: http://t.co/DZ05xHiuwl""""""",0,0,0,0,0
367,@Sidra__PTI you may also see flags of ISIS with him  is this govt and ch nisar don't admit :'(,0,0,0,0,0
368,@megynkelly have fun at that...,1,0,1,0,0
369,2 1/2 hour nap then up for a ct scan at the hospital. perfect timing.,1,0,1,0,0
370,@NESRetku Joke of the year congrats! #Kuivaa  :/,0,0,0,0,0
371,@veebex haha cannot wait for monday  at it's best.. cheers,1,1,1,1,0
372,"The whole #Misogyny thing is hanging in there with Women from the right . A cat fight now ?, imagine pulling that on the left #pmlive",0,0,0,0,0
373,@HMRCcustomers You know this is wrong don't you http://t.co/00WSRV7RcS Please help us out here #EUVAT,0,0,0,0,0
374,@louiseinwords We all have our crosses to bear. LOL,1,0,1,0,0
375,@oimagenta Just abt 2 say d same  :) I'm not sure whether Oxford Brookes Uni is part of Oxford Uni. yet his CV is impressive still!,1,1,1,1,0
376,The downside to working in fisheries and conservation is that you can rarely afford the cool things that promote your job,0,0,0,0,0
377,"@benrhodes I bet you're gonna be outside today, its soooo warm, T-shirt and shorts weather üò≥üòè  #Funny",1,1,1,1,0
378,Atheists celebrating Christmas.||,1,0,0,0,0
379,""".@ShawnaTova Computing, the Internet, personal computers & smart phones were all invented by that """"pond scum""""  @addictionguy""",0,0,0,0,0
380,"Watching my grandparents and my parents pay all these bills, really excites me for the future. -___-",1,0,1,1,0
381,Thank you @EmmeRylan for live tweeting my morning,1,0,1,1,0
382,You are so cool!,1,0,1,1,0
383,isnt it the best when youre really tired then when you finally get in bed youre wide awake? I LOVE IT,1,0,1,1,0
384,"Lol, who throws middle fingers up in pictures anymore? Oh, you're bad.",0,0,0,0,0
385,@dannyV916 @bagmansgirl Yes. I want to honor someone who died so I'll go steal a TV and Xbox and whatever else I feel entitled to,1,0,0,0,0
386,I love the hypocrisy of the holidays.,1,0,1,0,0
387,well .. that was a nice text to wake up to  .,1,0,1,1,0
388,@C_DLord @C_CWilson1 Lovely on Carnoustie beach this morning...| #soggybreeks,1,1,1,1,0
389,Awesome rainy day at the track!!  http://t.co/inZFxQcjGU,1,0,1,1,0
390,@conorcoughlan_ Being doing projects for university all day! My life is sooooo interesting,1,0,1,1,0
391,The routine texting irks my nerves the most but I guess it's the thought that count  #needAnewRoutine,0,0,0,0,0
392,"So now its Hamilton on a Monday night? Thanks @BTSportSPFL for all those evening games you give us, saturday football is overrated!",0,0,0,0,0
393,""""""" """"@emptynetters: Penguins cancel morning skate, which was an optional, due to icy road conditions.""""""",0,0,0,0,0
394,"Now that i can seem to afford good things, material things in life...its the simple things that i need and really want... of my life",1,0,1,0,0
395,J Cole has a song about being a Virgin and then not being a virgin. #musicalgenius #innovation,1,1,1,1,0
396,Halfway thorough my workday ... Woooo,1,0,1,1,0
397,Such quality customer service today by @Microsoft for the Xbox One  #thisiscrap #nothelpfulatall,0,0,0,0,0
398,"@kayleighjr Todd is love, Todd is life",1,1,1,1,0
399,"""@MorganKIRO7 Those """"waves"""" are epic!  He he""",1,0,1,1,0
400,"@DestinyTheGame @Bungie we've grinded for our gear and now they're worthless, thank you",0,0,0,0,0
401,i'm so funny,1,0,1,1,0
402,@mrjohner @cebsilver We can vote Republican! Their Civil rights record and their ability to empathize is amazing. .,1,1,1,1,0
403,Nothing makes me happier then getting on the highway and seeing break lights light up like a Christmas tree..,1,1,1,1,0
404,That moment when #BabyBoomer next to you philosophize about the lacking #communication skills of #GenerationY ->  #NewWayToCommunicate,0,0,0,0,0
405,...but then it started itself and made the Windows noise. So starts this exciting day of mine...!,1,0,1,0,0
406,The sky looks SO beautiful today....  http://t.co/Defox97Pzi,1,1,1,1,0
407,"""The word """"#Trust"""" coming out of the mouths of #Holder or #Obama is just rich with  and #hypocrisy. #IRS #racebaiters""",0,0,0,0,0
408,@darrenrovell Is Jameis Winston getting paid for this photo or is #5 coincidence?,0,0,0,0,0
409,"""@JustAnotherMo Now, now, Islam is the """"religion of peace"""" and only Christians can hurt anybody!  Get it right!  D:""",0,0,0,0,0
410,well I clearly wrote that last tweet,0,0,0,0,0
411,@RyanSeacrest you could probably just call or text her that information. #allcelebritiesarefriends,1,0,0,0,0
412,Thanks for shutting the city down..,0,0,0,0,0
413,"@exlabourite yes, except Farage backs the slow genocide of Palestinians by Israelis using Nazi methods",0,0,0,0,0
414,That was a great 3 hours of sleep,1,0,1,0,0
415,"@carlytyler @greateranglia let's face it, at the mo there's delays on any day ending in a y! #valueformoneynot",0,0,0,0,0
416,"@daddy_warpig @soulbrotherkab @Smirtington @quietuswolfe #GamerGate , now with weaponized Ninjas. we trained with Assasins Creed.",1,0,0,0,0
417,That's nice.,1,0,1,1,0
418,@HallieCiera haha I'm going to have fun with it next year.,1,0,1,1,0
419,@PizzaExpress so ...still no response from @PizzaExpress #greatcustomerrelations,0,0,1,0,0
420,I bet its warmer in Nova Scotia today! #frio #cold #freezing #costadelsol   #IloveCanada,1,0,1,1,0
421,"Obama whisked away to hospital, diagnosed with acid reflux  http://t.co/42WQQVHBau -Wow, that's some real news.",0,0,0,0,0
422,@deputymartinski please do..i need the second hand embarrassment so desperatly on my phone,0,0,0,0,0
423,"@JCCFCanada claims the man was peaceful, when he was violating HR of orientation.  making a free speech argument over an HR issue.",0,0,0,0,0
424,can't wait for the 3:30 hour drive back home.    #betarocks15,1,0,1,1,0
425,Such a good lie in,1,0,1,1,0
426,@madrabdgg MK1 Shadow Shift was so much fun.  @feltomgon,1,0,1,1,0
427,@eXoAnnihilator @roIIerCosta @KSIOlajidebt tells someone to spell correctly while completely fucking up his tweet,0,0,0,0,0
428,"Love how I came into work at 8 because Charlie said we were busy.... 3 people in 45 minutes,yeah we got this place packed Charlie.",1,0,1,1,0
429,"Committed to you, your privacy and an open Web|Please turn on JavaScript to display this page correctly. ||Firefox homepage",1,1,1,1,0
430,"Those mini naps I had all night between sneezing, coughing and blowing my nose were super restful.  #fluday4",1,1,1,1,0
431,That moment when you have so much stuff to do but you open @tumblr ... #productivity  #tumblr,1,0,1,1,0
432,Well today has just started off great.,1,0,1,0,0
433,My secret name is lizard squad. I like to ruin people's fun time. Follow and rt to a billion and you'll have fun. #psn  #giveitup,1,0,0,0,0
434,"Thank you to all of the lovely people who come to work sick, or come to eat sick.. I appreciate your germs...",1,0,1,0,0
435,I wonder what Professor Iaukea has to say about the new Disney Princess...? üòí,0,0,0,0,0
436,The  of taking a break from reading about #socialmedia to check my social media.,1,0,1,0,0
437,@jimmyk52501 @MotherJones @NickBaumann I love when the wilfully ignorant embraces hate and still think they hold a moral high ground |,0,0,0,0,0
438,I love how @Gcash14 can stay up and tweet but can't stay up and hang out with me! #truebro,1,0,1,0,0
439,"I tweeted about how dangerous Glasgow is, and a Glaswegian party venue followed me. #win",0,0,1,0,0
440,@maryeags everyone just wants to be you your just sooooo cool,1,0,1,1,0
441,When someone with retrica wali picture complains about how many filters someone has used in their picture to look pretty..,0,0,0,0,0
442,Feels so good 2 get off  2 have 2 go straight 2 school though...,1,0,1,1,0
443,Girls who dip>>>,1,0,1,0,0
444,I feel so blessed to get ocular migraines.,1,0,1,0,0
445,.@sunrise how far back can I search my google calendar via sunrise? google doesn't have a working search engine on its calendar,0,0,0,0,0
446,"Damit, this fatima bhutto has an instagram account but not pics of her. Some random shit...and then ppl i follow keep posting pics.",0,0,0,0,0
447,102¬∞ fever. That's fun.,1,0,1,0,0
448,"managing to fall flat on my face up the library stairs, has just made it to the top of  my list of proudest student moments",1,0,1,1,0
449,@KevDGrussing Makes me so proud to be an American,1,0,1,1,0
450,"anw as long as there's nothing going on with the both of u rn, i can still forgive u but i cant promise to forget",0,0,0,0,0
451,stomach flu once again...what a surprise.  üòíüò∑,0,0,1,0,0
452,So this week is just getting better and better  üò≠,1,0,1,0,0
453,It's been one year of off and on eye twitching. #SoFun,1,0,1,0,0
454,"""Just realized I haven't watched this weeks episode of Degrassi.  I """"eventually"""" get around to it.""",0,0,0,0,0
455,I'm fricken peachy today!!,1,0,1,1,0
456,.@CelticOwlWisdom Alert the media! Some guy on twitter has un-cited proof that evolution is wrong! Let's get his Nobel prize ready!,0,0,0,0,0
457,@DIRECTV thanks for leaving the dish for us  #badbusiness,0,0,0,0,0
458,Obama wants closer relations with a Marxist nation... I'm SHOCKED I tell you!  SHOCKED!    #cuba http://t.co/as75A3kJ9z,0,0,0,0,0
459,Americans love guns more than ever! http://t.co/U9pHYAzcvx #Chicago #Detroit examples of strict #gunlaws yet have the most crime,1,0,0,0,0
460,3:30am is a great time to learn the male reproductive system. with the biggest and brightest power point slides ever.  #biology,1,1,1,1,0
461,Everybody is out there traveling the world and I'm sitting here studying maps for my last exam #jealousy  #almostdone,1,0,1,0,0
462,crushes are great until you realize they'll never be interested in you.| :p,0,0,0,0,0
463,"""Hehehehe """"@Trevoredgar86: @nealcol @LFC what a shame """"""",0,0,1,0,0
464,"""Good job @pmharper...""""@globebusiness: Same-sex marriage harms free speech, new Ontario judge wrote in 2012 http://t.co/Y2vaFlYfbm""""""",0,0,0,0,0
465,I love how today is going,1,0,1,0,0
466,"#latergram with thegoldcoin. Classes done, research is not. #gradschool #basic #blessed ... http://t.co/1kEoWZw7NZ",1,1,1,1,0
467,Double dance with the boys is what makes a Monday worthwhile,1,1,1,1,0
468,"""""""@SerJeyms: This year's class picture is so awesome. Really awesome!  üëä""""  hahahahaha üòÇ""",1,0,1,1,0
469,"i need to start going to bed earlier...smh, goodnight everyone, or should i say goodmorning haha #morning ... http://t.co/cGCD326NWF",1,1,1,1,0
470,WAIT the GA I have a crush on and emailed me and told me it was great to have me in class üòç‚ù§üòò he totally loves me,1,1,1,1,0
471,probably going to fail tomorrow yayy  #GlobalArtistHMA #MTVStars One Direction,0,0,0,0,0
472,@CalmKitchen @menhealuk I smashed my Samsung galaxy running back to the car trying to avoid a parking ticket,0,0,0,0,0
473,@JimHumbert @GotNewsDotCom Really?! Unbelievable! U mean he was a Thug & Criminal?,0,0,0,0,0
474,Swag  @FANNING_myself,1,0,1,1,0
475,I just love the NHS,1,0,1,1,0
476,I'm so glad I work a double on New Year's Eve and then most of New Year's Day...  #pissed,0,0,0,0,0
477,@ForexEric @HeidiL_RN @unsavoryagents YES! Vote for SATAN (@HillaryClinton) in 2016!!!!,0,0,0,0,0
478,last day of classes #trill except finals whoop,1,1,1,1,0
479,@117_Wolf @TheNelsconey @kenjitillman @OriginalSlumdog @TruthInsider @UE_Gaming @JVB @Danielsmile 9 Followers and now he's relevant?,0,0,0,0,0
480,There was a point where the effort was coming in only one direction. I left and that there was a 180¬∞ change in direction,0,0,0,0,0
481,"hula hoops, hot chocolate and law revision. my breaks in work are filled with glamour and fun.",1,1,1,1,0
482,FINALLY TAKEN To the gir love  #heartbroken 12~19~14,0,1,0,0,0
483,@the_mullinator @JumaaneWilliams I'm sure it's largely ignored in practice. In NY you can't do any govt work if you have convicts,0,0,0,0,0
484,"""Wow.. #shocker  RT @TheAtlantic: Dick Cheney on CIA torture: """"I'd do it again in a minute"""" http://t.co/CppRItMqZJ http://t.co/nS7ZnAq2Ec""",0,0,0,0,0
485,I doubt this week could get any better.,1,0,0,0,0
486,Ouch that hurt üòÇ,0,0,0,0,0
487,Carphone Warehouse call centre employees are such classy people  @CPWTweets,1,0,1,1,0
488,@doodlebug0 Why not? The House Committee has been very informative thus far!!!  |#UniteBlue,1,1,1,1,0
489,Is it ironic for a @selenagomez song to come on my #ipod after a @justinbieber song?!  #SelenaGomez #JustinBeiber,1,1,1,1,0
490,It's been a great week for dictators.  Congrats North Korea and Cuba.,1,0,1,0,0
491,group message with bbc to start off my morning thanks Hannah :-),1,1,1,1,0
492,@mmamania what time is the UFC press conference tomorrow with names of numerous fighters getting cut,0,0,0,0,0
493,The American justice system üëçüôåüëè,1,0,1,0,0
494,This photo of @celinedion 's pool via @richpayne88 has really brightened up my morning.... http://t.co/ULHQFtbCdP,1,1,1,1,0
495,Cool to know I have people I can talk to when having a shit night.,1,0,1,0,0
496,Why isn't there a playoff legend Romo? @EASPORTS_MUT,0,0,0,0,0
497,"""A woman wearing a t-shirt on @itvjeremykyle that says """"Act like a Lady""""..""",0,0,0,0,0
498,On a small diet  http://t.co/UsLZOgYmEx,1,0,1,0,0
499,Mid speech @ Christmas Lacrosse Ball #flattering  @ Grand Cafe http://t.co/Uu7yeqDfV5,1,1,1,1,0
500,Tomorrow will be a great day...,1,0,1,1,0
501,IT'S DEFINITELY NOT FRIDAY. THE REASON IS: It's Tuesday~! Yesterday it was Monday so why should it be Friday.,0,0,0,0,0
502,For 9 grand a year we definitely get all of the information we need in this practical class,1,0,1,0,0
503,"""Here's an """"It's cold and I had to scrape windows so I'm sad"""" selfie...gotta love living that hotel life  http://t.co/ibBzS3ELQC""",0,0,0,0,0
504,Roman mythology gets me soooo pumped,1,0,1,1,0
505,@maiwaby You are freer in Bethlehem than you would be anywhere in rest of the Arab world!   much,1,1,1,1,0
506,@C_o_r_g_i wtf thanks for saying bye,1,0,0,0,0
507,Can always #countonmother to impart #wordsofkindness. Especially on a special day! !!,1,1,1,1,0
508,7 am. Pilates Now I get to go home and get ready for work! AMAZING!,1,1,1,1,0
509,So nice to have a final before the sun is even up üòä,1,0,1,1,0
510,It's adorable how this keeps on happening,1,0,1,0,0
511,When u callin I'm tappin lol  sorry,0,0,0,0,0
512,I love watching liverpool truly inspiring,1,0,1,1,0
513,@ the hospital for a new allergy test... Love it.,1,0,1,1,0
514,Oh how I love fainting randomly,1,0,1,0,0
515,"Gotta study and I'm like, who cares?!  #perksofbeingasenior üëé",0,0,0,0,0
516,"No reply day! I mean, week!|#Happiness",1,0,1,0,0
517,Can't wait to see that he has not talked to me and that he will never do it.,0,0,1,0,0
518,Customers during Christmas time are SO NICE.,1,0,1,1,0
519,Great start to the morning  #flattire,1,0,1,0,0
520,I'm glad the DC Council has it's priorities intact...  #DC,1,0,1,1,0
521,@IkeMagnifico Funny thing is now she's a security guard at Fed Ex in LA where I pick up all the time.,1,1,1,1,0
522,Can't wait to work with the dream team again today!! #delilyfe  üôà,1,0,1,1,0
523,@peteswildlife Great. Does that mean he's also giving up hunting and killing wildlife in Europe?,0,0,0,0,0
524,@walshamboy @TRobinsonNewEra @UKLabour there's a link somewhere just can't quite put my finger on it,0,0,0,0,0
525,@RazlanSings It's not work if you enjoy it #eh,1,0,1,0,0
526,Pay Ghost Soldiers in Iraq & cut pay of US #Military.  #keepyourpromise @SenateDems @Senate_GOPs @thejointstaff http://t.co/353PkrO9yC,0,0,0,0,0
527,"""@theprojecttv When all the """"trauma"""" these kids are suffering is over, the fact remains, You apologised for telling the truth.  #stuism""",0,0,0,0,0
528,@HuffingtonPost Who France? Impede free market capitalism? Socialists? No... not France... #shocker  #Uber rocks. Suck it France.,0,0,0,0,0
529,I'm pretty sure this bad boy is worth at least 6 stokes per round! #dreamon  @ 913 miranda place http://t.co/gYSnxsrWSe,1,1,1,1,0
530,Oh how I missed middle school drama :~),1,0,1,0,0
531,There is nothing I love more than listening to the black eyed peas on the way home from a Saturday night loss in petrolia #killerband,1,1,1,1,0
532,Look! It's a white Christmas after all!  #MinnesotaProblems http://t.co/fFGDuJxgBj,0,0,0,0,0
533,"so, sane peoples would talk to themselves in twitter because they can't find other sane humans to talk to. that  #retweet#ifagree",0,0,0,0,0
534,... @NICKIMINAJ slaying in Igloo Australia's home country lol  RT > @MalikZMinaj: Nicki is SLAYING New Zealand! http://t.co/5oIm9uZNQr,1,1,1,1,0
535,@LizardPatrol wow u brought down xbox live arnt you amazing  why don't you do something more productive like grow up,0,0,0,0,0
536,Taking the Christmas lights down in the swamp will be a blast.,1,0,1,1,0
537,The  of how worst films become must see #films: http://t.co/rNJ4tl6syj,0,0,0,0,0
538,@xheeners I know ...,0,0,0,0,0
539,Sorry this doesn't make any sense why make it even more tough? That's going to produce more players..  http://t.co/rjRLAQHwyd,0,0,0,0,0
540,"@AlexPanchenko2 oh brother, the bar for journalism is very high these days  @Henry_Langston why do you follow such retards?",0,0,0,0,0
541,@br_radio @BR_NFL @JasonPhilCole no duh. ? Is will owners fire Goodell for it? My guess he gets a raise  #GoodellMustGo,0,0,0,0,0
542,Done to much again  http://t.co/BYd8Np3eQV,0,0,0,0,0
543,Perfect time to get really sick,0,0,1,0,0
544,"@CaycePryhs Careful, Cayce. That's almost a racist statement.  @william_1492 @CaseyParksIt @PhyIis",0,0,0,0,0
545,Oh how I love listening to Fox News in the background while opening presents.,1,0,1,1,0
546,Sweet United Nations video. Just in time for Christmas. #imagine #NoReligion  http://t.co/fej2v3OUBR,1,1,1,1,0
547,@Katerintree obvi because every Jesuit is a heretic  üíÅ,0,0,0,0,0
548,Hit Them Angles And Duck Face To Hide Those Wrinkles ; ) #ThatsABossBitchRightThere . . . !!,1,0,1,0,0
549,Just received an email that I am the heir to the Nigerian Petroleum Corporation. I should immediately send them all my bank info.,0,0,0,0,0
550,"""""""We rebooted the server, it seems ok now"""" YEY! #facepalm  #devops""",1,0,1,0,0
551,We'll that was a great way to start off my morning üòÄ,1,0,1,0,0
552,"""""""@FlTNESS:Let's go workout! That jiggle is not going to jiggle itself away #ThingsYouSayToYourBestFriend"""" this is so us  @dearrcatherine""",1,1,1,0,0
553,...A teen named Bud Weisser was arrested by cops for breaking into a St. Louis party store...http://t.co/AxejCevQ1e,0,0,0,0,0
554,Reading the Dundee United chairmanship statement tonight and you have to say what a lot of tosh..care of young players indeed,0,0,0,0,0
555,Extending trade and not telling the people about the extended trade. Best idea ever!,1,0,1,0,0
556,"@Navrooz and among 8 of #duleepSingh children,none had one!",0,0,0,0,0
557,Just now layin down to go to bed.|College is great guys. It doesn't stress you out or keep you up at night at all. Or make you cry.,1,0,1,1,0
558,Planned on an early night last night.. Oh yaa course that happened..  #gotinterupted,0,0,0,0,0
559,Shoutout to my mom for being hella supportive of me,1,0,1,1,0
560,@adooley3544 is so funny rnüòÖ,1,0,1,1,0
561,"The Interview has been cancelled, not because of north korea but because the immense comedy would blow our mortal minds",0,0,0,0,0
562,I couldnt help myself.. I am a bad person...  http://t.co/bmdJcrFmgI,0,0,0,0,0
563,Zuckerberg says he wears a grey t-shirt everyday because he doesn't want to waste time on things that don't matter||He runs Facebook||,1,1,0,0,0
564,buzzing for school on monday..,1,0,1,1,0
565,Aaaaaaand...I left my work computer at home. Now I have to go get it. #BestDayEver,1,0,1,0,0
566,Yet another out of a million doctor visits tomorrow...so.stoked.,1,0,1,1,0
567,My vision looks like this =  just let me enjoy my first winter outside through a peep hole  #growingwinter http://t.co/BiMXhC7WhB,1,0,1,0,0
568,@stillfallin_ great Christmas.,1,0,1,1,0
569,"@MBCompanyMan Also, I would not that my tone was joking, though it's difficult to properly convey that in a Tweet.",0,0,0,0,0
570,@richardjuan malay mo. its his real name haha. but still nice joke about na richard two. bagong bago  hahahhaah JK,1,1,1,1,0
571,love is bliss...,1,0,1,1,0
572,"""""""@MaggieLindemann: . @xSamSecrets123 awk moment when I tweeted first #fakefan !!!!!""""""",0,0,0,0,0
573,"Not a fun day for my mouth... Two teeth rebonded, one reengaged, and now I get to have my wisdom teeth out #soexcited",1,0,0,0,0
574,"So far today: 1 ruined mug, I've cried twice, I've gotten 0 things on my To-Do List done and I'm 100% furious. #GoodStartToTheDay",0,0,0,0,0
575,", on the Same day, the 50th anniversary of the #FreeSpeechMovement, a brave critic, was abandoned by our conformist #Press.",0,0,0,0,0
576,I'm not in enough dance practice whatsapp groups yet. #december #winter #weddingseason,0,0,0,0,0
577,"@ABitOfBlossom @DVATW @LBC For having union representation for decades, teachers' pay still sucks and is shorted by dues.",0,0,0,0,0
578,: Historians collecting correct facts about wrong abuse. #Correct=#Wrong #FactAboutAbuse,0,0,0,0,0
579,A romantic candlelit dinner for two would cost less if you switched the lights on -  ESKOM pic from the 1990's http://t.co/cxnIdmB3qn,1,1,1,1,0
580,I can't wait to go to the post office to get bent over with $100 shipping fees to mail my folks' #Christmas gifts to Montana.,1,0,0,0,0
581,My dads letting me drywall with him for Christmas. Just what I always wanted.,1,0,1,1,0
582,Dissecting a rat first period is a great start to the day  üêÅ,1,0,1,0,0
583,"@RichardDawkins Accusations on twitter shouldn't count, though I've heard tales of talk that it will replace the grad jury sys here",0,0,0,0,0
584,So kind of occ health to book my tb skin test on my day off uni. I am thrilled,1,0,1,1,0
585,Going to the game tonight by myself sounds so fun,1,0,1,1,0
586,So fucking excited to be the 5th wheel for another New Year's Eve!!!! Can't blame anybody but myself for being super picky re: men,1,1,1,1,0
587,"Standard Christmas newsfeed. Diamonds everywhere, everyone's engaged. Congratulations. #original  #Christmas #engaged",1,0,1,1,0
588,Take my time because I want it all right?  http://t.co/NxkFIWFs8I,1,1,1,1,0
589,Hi @BDUTT not a single vote was polled in 3 polling stations of Kulgam #Kashmir & im tuned into @ndtv :p thnx  #KashmirBoycotts,1,0,1,0,0
590,"""A strange day so far everyone seems in such a good moodmaybe in actually napping or still drunk """"still time for grumpy to return""",0,1,0,0,0
591,It will be impossible for me to be late if I start to dress up right now. #studing #university #lazy,0,0,0,0,0
592,Sending best wishes to all my coworkers at the 9AM this morning,1,1,1,1,0
593,@DejanLovrenLFC6 your #ambition is #amazing.  #saintsfc enjoy exit from #ChampionsLeague,1,0,1,1,0
594,Good luck today DJ Durkin. It is NOT great to be a Florida gator. | |#fuckUF,0,0,0,0,0
595,"""""""@AnimaILife: I think I can make it http://t.co/fb4erBNdty""""// Aaaawww  ... @scotsellie @booona06""",1,1,1,1,0
596,A maths tutorial is exactly what I need right now  #lol #struggle #uni,1,0,1,0,0
597,"Yeah, because that's what's most important. . The man really is a prized prat. https://t.co/pVUi0cgGYK",0,0,0,0,0
598,"#FergusonRiotTips Remember, the only way ppl listen is if you burn down their stores||#Ferguson #VitoandVito #WAARMedia #tcot #ycot",0,0,0,0,0
599,Are they allowed to be touching each other's kneecaps like that?? #questionable #NOA #onuchapel,0,0,0,0,0
600,What a pleasant way for Minneapolis' most prestigious publication to describe its female audience.  http://t.co/5Gxuq6WDJk,1,0,1,1,0
601,"Twitter slams Austin Strange Fruit PR firm, spurring it to drop the name it shared with a song about lynching http://t.co/DSN2zFt7A0",0,0,0,0,0
602,.@7eleven Big Gulps for health care http://t.co/CNuAviEMPY,1,0,1,0,0
603,The biggest  is that #Taliban gunned down school kids in the same country that #Malala received the Nobel prize for #Education #Ouch,0,0,0,0,0
604,"""""""@MaddentheTwiggy: So happy I got an offer from Trinity Laban, I'd take Greenwich over Leeds any day"""" leeds is where it's at üíÉ‚úã""",1,1,1,1,0
605,Gavaskar is a freakin' genius.  https://t.co/iaWlkm6EOE,1,0,1,1,0
606,Well here comes another 6+ page paper. #ilovecollege,1,0,1,0,0
607,@KimKardashian cropped her own child out of her picture. #motheroftheyear  http://t.co/fLEYWkFyZQ,0,0,1,0,0
608,It's so much fun to drive a front wheel drive car in the snow,1,0,1,1,0
609,hahahaha... 'Best Asian Style' went to the group of pretty boys ALL wearing blacks suits with a tie/bow. HOW STYLISH.  #2014MAMA,1,1,1,1,0
610,Patrick Kielty hosting Radio 2's Comedy Awards...,1,1,1,1,0
611,Ahh gotta love those December electric bills.,1,0,1,1,0
612,At one point i almost believed that the law of attraction was effective. !,1,0,0,0,0
613,At least I woke up feeling a lot better today..,1,0,1,1,0
614,"Honking at me whilst you drive past - so romantic, it makes me want to trace you through your number plate and be with you forever",1,1,1,0,0
615,"""#hannity says """"Obama has been indoctrinated into a rigid ideology.""""""",0,0,0,0,0
616,so proud of my artwork üíñüòá #proud  http://t.co/knDye8Ayoa,1,0,1,1,0
617,And people start to drink ... Means fun,1,0,1,0,0
618,Stop being the fan. And be the person blowing minds.,1,0,1,0,0
619,"Time to free ourselves of the Tyranny of the USA and lean towards more tolerant societies, like those of Russia and China.",1,1,0,0,0
620,@AnnamarieRxoxo We study hard.. üìöüôä  #procrastinators üëØ,1,0,1,0,0
621,Finding it quite funny that Gillette Soccer Saturday on Sky are complaining that there aren't enough games on at 3pm Saturday,1,1,1,1,0
622,Love the trust i get from people üëå,1,0,1,0,0
623,Great start to the day,1,0,1,0,0
624,@Ms_Mac4 I need a new job so I can read books again. I miss reading. Being an English teacher really gets in the way of reading.,1,0,1,0,0
625,Another fantastic day,1,0,1,1,0
626,"""@LexGrayWAVY @WAVY_News """"Unity we stand"""" all white people.""",1,0,0,0,0
627,I'll watch #TakeMeOut like the rest of the country... Hope there's an adorable girl who is ditsy Hahahaha  #zzzz,1,1,1,1,0
628,"@XboxSupport @xbox It's Christmas, one of the few days off I get during the year and I can't even sign into my XBOX ONE.|#Typical|",0,0,0,0,0
629,Hangovers and work...  RT @TheChrisStuckey What is your favorite thing about Monday?,1,1,1,1,0
630,"Oh materialism, how I've missed you.",1,0,1,0,0
631,I love how when I'm stressed my body decides to react by causing me massive pain.,0,0,1,0,0
632,Ready to conquer the dayüòú  @yn0htna #leavemealonemom #my2fave‚ù§Ô∏è#bahhumbug http://t.co/jQ9aJBISbW,1,0,1,1,0
633,"""Myself and @AlvaghCronin having to walk to Civic Offices to get bus muttering to ourselves""""wouldn't you think they'd pay their water""""""",0,0,0,0,0
634,@Sheriff1972 @SteveMay_UK Will probably get to write more about the show by doing so ...,1,1,1,1,0
635,I think I might be an artist  #flowers #pretty #love #beautiful #painting #art #nature #lchs http://t.co/Gq9zYIvApN,1,0,1,1,0
636,@JackHeverin @JoelBateman23 @tay_smith103 @mattyprosser1 Was that head Mathers batting?|#powerful!!|#intimidating|,1,0,1,1,0
637,I only bought a few people gifts this year üò≥üò≥üò≥üò≥  http://t.co/dCNW7tTApn,1,0,1,0,0
638,"Headed to Huntsville, TX this afternoon. Try to contain your jealousy.|",1,1,1,0,0
639,"@sidney483 A British world champion in one of the most demanding & popular sports on earth. Yeah, of course I'm being sarcastic.",1,0,1,0,0
640,"@Expherience  haha or are a chainsaw murder, or a corrupt fortune 500 ceo, or a rapist, w.e makes you happy.  #hebetripping",0,0,0,0,0
641,So glad y'all can be awesome now..,1,0,1,1,0
642,"""Lawyer on train to other lawyer talking about ceiling ad- """"who would even read that? No one's going to notice that thing...""""""",0,0,0,0,0
643,"@DianeKingShow looking great today Diane, it's not fair you're not on more.  enough Diane",1,1,1,1,0
644,"With dropping oil prices, thank goodness #PMHarper has worked so hard trying to tie our economy to the oil & gas sector.  #cdnpoli",1,1,1,1,0
645,@vhdawg The day one of him minions was carrying a sign saying my mother was fat was one of mine.,0,0,0,0,0
646,@rrhhmmss @TimEchols1 @Penneeee I agree. You can see that from the videos and photos that were taken two hours after the shooting.,0,0,0,0,0
647,@RWwatchMA Deutsch is a misogynistic toad; how shocking he's a bigot too  .... #HandsUpDontShoot,0,0,0,0,0
648,I love waking up at 4am everyday and then running 5 miles.. favorite part of the Army :),1,0,1,1,0
649,Christmas music on the stair master #SundayFunday,1,1,1,1,0
650,Erasure by Percival Everett and Pym by Mat Johnson....So there is black literature after the Black Arts Movement  #ChangetheCanon,1,0,1,0,0
651,@BIBN2010 Weeeeee! You too! I love that xbox live and playstation network are down due to hackers on Christmas.,1,0,1,1,0
652,@TyQuorshaaa: Jackie Just Had the Best Joke I've Heard In Awhile| üòÇüò©üôàüôàüôà,1,0,1,1,0
653,What a B.E.A.utiful day in Scotland!! :) #rain #gales  lol,1,1,1,1,0
654,"@caboosemichaelj yeah. So as you can see, I have great success with the ladies! And I'm totally excited for having sex some more!",1,0,1,1,0
655,I love cold winter days cause I never know when my car decides not to start üòë,1,0,1,0,0
656,"Working super early on a Friday, when your will is weakest, is a pure treat.  #tired #stormageddon #ArrowMidSeasonFinale",1,1,1,1,0
657,The @PuneLUG moderation queue is flushed once every one planet Miller hour!,0,0,0,0,0
658,Everone is supporting Fawad alam :D|No fawad no cricket :D :v|#Supportfawad |#Usman http://t.co/yRHonio84x,1,1,1,1,0
659,"@Matthies2 Tx, i saw that. must be a great shot to defend oneself from a fierce attacking giraffe.  #HungerGames",1,0,1,0,0
660,It's nice to see continuity in our gender struggles.,1,0,1,0,0
661,Good thing I'm scared of clowns and my kindergarten teacher was dressed as one today. üòë,0,0,0,0,0
662,Soccer game should be fun today...üòÇüòÇ,1,0,1,1,0
663,.@ThatNeilGuy Isn't it great how all those ppl have done a public mea culpa since that didn't happen?,1,0,1,0,0
664,It's all a calamity of lies..everything is fake so we only accept what isn't true  so when the truth comes we deny it.,0,0,0,0,0
665,: When the vapours that are emitted by cleansing solvents are emitted by contaminating chemicals. #Cleansing=#Contaminating #Vapour,0,0,0,0,0
666,CIA report highlighting the stark differences b/t the present & former administrations' approach to nat'l security.,0,0,0,0,0
667,Downplaying social media but using a hashtag? #givepresence,0,0,0,0,0
668,My favorite part of dislocating my shoulder is now being able to feel it roll  around in the socket,1,0,1,0,0
669,"dude said I better think hard , so he can take me to cheddars lmao !",1,1,1,1,0
670,"""Band playing """"Two Tickets to Paradise"""" in parking lot at Redskins game.  #Redskins""",1,1,1,1,0
671,Cluck! RT @DJB627: Most transparent administration ever sends password-protected documents to Oversight.  #Gruber,1,0,1,0,0
672,#MuslimApologies ‚Äì 10 Tweets that Explain What Muslims Should be Sorry for! http://t.co/wvPzLblVGL,0,0,0,0,0
673,Listened to Gimme Shelter while driving in the rainüòÇ,1,1,1,1,0
674,"""""""@DrJaneChi: But what about white on white crime?"""" It's like a ribbon in the sky...non-existent.""",0,0,0,0,0
675,#NBA players #NY support protests of #police killings/sure #money donations for #college WB coming   http://t.co/WothDOXXeM,0,0,0,0,0
676,@Only1Neets Probably a Nigerian.,0,0,1,0,0
677,Climate change redux: CALIFORNIANS experience drought & voted for bonds to cover.Climate changed &now we have most rain in 100 years.,0,0,0,0,0
678,"A day where  ruled @twitter, I got followed by @Sarcasmia. Wht a  day!! Lollllll.",1,1,1,1,0
679,"@karanjohar yep, that's what they say.|",1,0,1,0,0
680,@ttwentyman He's just trying to drive Suh's price up.,0,0,0,0,0
681,I just love working on Christmas and spending it alone 6 hours away from my family!,1,0,1,0,0
682,Wishing my relationship was that real,1,0,1,0,0
683,""" """"@LabourEoin Few politicians get importance of Patient Dignity &  right to die http://t.co/adKIDKNpID""""""",0,0,0,0,0
684,@EddieHearn @EddieHearn Khan is doing to Brook what Mayweather is doing to Khan. Making poor excuses to avoid the big fight,0,0,0,0,0
685,Yeah so I'm on a dietüçï  http://t.co/RfgZvzuBC5,1,0,1,1,0
686,Try to ring @heatherbeech about a plumbing issue. Her phone goes off upstairs with Super Mario theme tune  #retrogaming,1,1,1,1,0
687,@tomstrock39: Pick it up one more time for the homie in the back that's stickin right with us thanks for answering my DM #realmvp,1,1,1,1,0
688,"To be fair, DeBlasio only asked #BlackLivesMatter folks to stop protesting until the post-funerals. So police protesting him is cool.",0,0,0,0,0
689,@rowdiejones:  When continuationists demand a prooftext for cessationism. / @BibChr beautiful observation,1,0,0,0,0
690,"Preparing some sample answers for the rehearsal exam qs for Digital Media with Google Drive, I'm so technologically advanced..",1,1,1,1,0
691,@cringetalk @geob157 ^^^^ IMAGINE THAT? Never would have guessed,0,0,1,0,0
692,Normalizing relations with Cuba? Huh. Get ready for more of this crap. #ThanksObama  http://t.co/uv7NT22B2h #bad,0,0,0,0,0
693,Left my lunch at home. Swansea canteen outdoing themselves with this generous and well priced portion of food  http://t.co/jn7Kff2K18,1,1,1,1,0
694,"@Mike_Ashley_Out @towlawrian @nufcfans I guess this is where he lost a couple of million to Lambias, is it?   #LudicrousStory",0,0,0,0,0
695,Isabelle sends me the nicest texts  üò£üòñüíî,1,0,1,1,0
696,My bed time stories are awesome  #theyllgiveyounightmares #ohwell #youaskedforit,1,0,1,1,0
697,Aw thanks mother nature. Merry Christmas to you too!,1,0,1,1,0
698,Where is the #TortureReport from Showtime's Homeland?,0,0,0,0,0
699,Oh look at me! I'm making people happy! I'm a magical man from happy land! Who lives in a gumdrop house on lolly pop lane! ||,1,1,1,1,0
700,It's gonna be a great day üòÉ,1,0,1,1,0
701,Big thanks to my teachers for the FOUR tests I have to take tomorrow #woohoo,1,0,1,1,0
702,Illinois just made it illegal to film cops? I guess that's a step in the right direction.  #wtf,0,0,1,0,0
703,@kobebryant  don't you see the  for call teammates soft when you haven't been to practice in 2 weeks?  #overpaid.,0,0,0,0,0
704,the wheels on the bus are broken down broken down broken downüòäüé∂  #fml #omwtothemet,1,0,0,0,0
